<datapower-configuration version="3"><export-details><description>Exported Configuration</description><user>u59346</user><domain>EnterpriseAssetManagement02ST</domain><comment/><product-id>5725</product-id><product>IDG</product><display-product>IDG</display-product><model>IBM DataPower Gateway</model><display-model>IBM DataPower Gateway</display-model><device-name>DP-ST</device-name><serial-number>0000000</serial-number><firmware-version>IDG.10.5.0.7ze7</firmware-version><display-firmware-version>IDG.10.5.0.7ze7</display-firmware-version><firmware-build>358011ze7</firmware-build><delivery-type>LTS</delivery-type><firmware-timestamp>2023/10/24 11:25:31</firmware-timestamp><current-date>2024-03-11</current-date><current-time>05:12:43 EDT</current-time><reset-date>2024-02-24</reset-date><reset-time>00:28:39 EST</reset-time><login-message/><custom-ui-file>local:///dp-st-ui.xml</custom-ui-file></export-details><interface-data><interface name="eth0" type="Ethernet" vers="ipv4" ip-addr="172.27.17.63"/><interface name="eth1" type="Ethernet" vers="ipv4" ip-addr="172.27.17.64"/></interface-data><configuration domain="EnterpriseAssetManagement02ST"><DomainSettings name="default" intrinsic="true" xmlns:env="http://www.w3.org/2003/05/soap-envelope" xmlns:dp="http://www.datapower.com/schemas/management">
<mAdminState>enabled</mAdminState>
<PasswordTreatment>none</PasswordTreatment>
<ConfigDir>config:///</ConfigDir></DomainSettings><PasswordAlias name="ealm_appid_dev_pw_alias" xmlns:env="http://www.w3.org/2003/05/soap-envelope" xmlns:dp="http://www.datapower.com/schemas/management">
<mAdminState>enabled</mAdminState>
<DomainSettings class="DomainSettings">default</DomainSettings></PasswordAlias><HTTPUserAgent name="default" intrinsic="true" xmlns:env="http://www.w3.org/2003/05/soap-envelope" xmlns:dp="http://www.datapower.com/schemas/management">
<mAdminState>enabled</mAdminState>
<UserSummary>Default User Agent</UserSummary>
<MaxRedirects>8</MaxRedirects>
<Timeout>300</Timeout></HTTPUserAgent><XMLManager name="ALM_gateway_XML_Mgr" xmlns:env="http://www.w3.org/2003/05/soap-envelope" xmlns:dp="http://www.datapower.com/schemas/management">
<mAdminState>enabled</mAdminState>
<CacheMemorySize>2147483647</CacheMemorySize>
<CacheSize>256</CacheSize>
<SHA1Caching>on</SHA1Caching>
<StaticDocumentCalls>on</StaticDocumentCalls>
<SearchResults>on</SearchResults>
<SupportTxWarn>off</SupportTxWarn>
<Memoization>on</Memoization>
<ParserLimitsBytesScanned>4194304</ParserLimitsBytesScanned>
<ParserLimitsElementDepth>512</ParserLimitsElementDepth>
<ParserLimitsAttributeCount>128</ParserLimitsAttributeCount>
<ParserLimitsMaxNodeSize>33554432</ParserLimitsMaxNodeSize>
<ParserLimitsForbidExternalReferences>on</ParserLimitsForbidExternalReferences>
<ParserLimitsExternalReferences>forbid</ParserLimitsExternalReferences>
<ParserLimitsMaxPrefixes>1024</ParserLimitsMaxPrefixes>
<ParserLimitsMaxNamespaces>1024</ParserLimitsMaxNamespaces>
<ParserLimitsMaxLocalNames>60000</ParserLimitsMaxLocalNames>
<DocCacheMaxDocs>5000</DocCacheMaxDocs>
<DocCacheSize>0</DocCacheSize>
<DocMaxWrites>32768</DocMaxWrites>
<UserAgent class="HTTPUserAgent">default</UserAgent></XMLManager><MQQM name="ALM_Gateway_sequence_Qmgr" xmlns:env="http://www.w3.org/2003/05/soap-envelope" xmlns:dp="http://www.datapower.com/schemas/management">
<mAdminState>enabled</mAdminState>
<HostName>esbiibst.serv.dteco.com(1259)</HostName>
<CCSID>819</CCSID>
<ChannelName>DP.SEQUENCE.SC</ChannelName>
<CSPUserId>ealm-appid-dev</CSPUserId>
<CSPPasswordAlias class="PasswordAlias">ealm_appid_dev_pw_alias</CSPPasswordAlias>
<Heartbeat>60</Heartbeat>
<MaximumMessageSize>4194304</MaximumMessageSize>
<CacheTimeout>75</CacheTimeout>
<UnitsOfWork>1</UnitsOfWork>
<AutomaticBackout>off</AutomaticBackout>
<TotalConnectionLimit>1</TotalConnectionLimit>
<InitialConnections>0</InitialConnections>
<SharingConversations>0</SharingConversations>
<ShareSingleConversation>off</ShareSingleConversation>
<PermitInsecureServers>off</PermitInsecureServers>
<PermitSSLv3>off</PermitSSLv3>
<SSLcipher>none</SSLcipher>
<AutoRecovery>off</AutoRecovery>
<ConvertInput>on</ConvertInput>
<AutoRetry>on</AutoRetry>
<RetryInterval>6</RetryInterval>
<RetryAttempts>10</RetryAttempts>
<LongRetryInterval>60</LongRetryInterval>
<ReportingInterval>60</ReportingInterval>
<AlternateUser>on</AlternateUser>
<LocalAddress>172.27.17.64</LocalAddress>
<PollingTolerance>10</PollingTolerance>
<XMLManager class="XMLManager">ALM_gateway_XML_Mgr</XMLManager>
<SSLClientConfigType>proxy</SSLClientConfigType></MQQM><XMLManager name="default" intrinsic="true" xmlns:env="http://www.w3.org/2003/05/soap-envelope" xmlns:dp="http://www.datapower.com/schemas/management">
<mAdminState>enabled</mAdminState>
<UserSummary>Default XML-Manager</UserSummary>
<CacheMemorySize>2147483647</CacheMemorySize>
<CacheSize>256</CacheSize>
<SHA1Caching>on</SHA1Caching>
<StaticDocumentCalls>on</StaticDocumentCalls>
<SearchResults>on</SearchResults>
<SupportTxWarn>off</SupportTxWarn>
<Memoization>on</Memoization>
<ParserLimitsBytesScanned>4194304</ParserLimitsBytesScanned>
<ParserLimitsElementDepth>512</ParserLimitsElementDepth>
<ParserLimitsAttributeCount>128</ParserLimitsAttributeCount>
<ParserLimitsMaxNodeSize>33554432</ParserLimitsMaxNodeSize>
<ParserLimitsForbidExternalReferences>on</ParserLimitsForbidExternalReferences>
<ParserLimitsExternalReferences>forbid</ParserLimitsExternalReferences>
<ParserLimitsMaxPrefixes>1024</ParserLimitsMaxPrefixes>
<ParserLimitsMaxNamespaces>1024</ParserLimitsMaxNamespaces>
<ParserLimitsMaxLocalNames>60000</ParserLimitsMaxLocalNames>
<DocCacheMaxDocs>5000</DocCacheMaxDocs>
<DocCacheSize>0</DocCacheSize>
<DocMaxWrites>32768</DocMaxWrites>
<UserAgent class="HTTPUserAgent">default</UserAgent></XMLManager><MQQM name="ALM_Location" xmlns:env="http://www.w3.org/2003/05/soap-envelope" xmlns:dp="http://www.datapower.com/schemas/management">
<mAdminState>enabled</mAdminState>
<HostName>esbiibst.serv.dteco.com(1259)</HostName>
<CCSID>819</CCSID>
<ChannelName>DP.EAM.SC</ChannelName>
<CSPUserId>ealm-appid-dev</CSPUserId>
<CSPPasswordAlias class="PasswordAlias">ealm_appid_dev_pw_alias</CSPPasswordAlias>
<Heartbeat>60</Heartbeat>
<MaximumMessageSize>4194304</MaximumMessageSize>
<CacheTimeout>75</CacheTimeout>
<UnitsOfWork>1</UnitsOfWork>
<AutomaticBackout>on</AutomaticBackout>
<BackoutThreshold>1</BackoutThreshold>
<BackoutQueueName>ALM.LOCATION.RECEIVE.SEQ.BACKOUT</BackoutQueueName>
<TotalConnectionLimit>1</TotalConnectionLimit>
<InitialConnections>0</InitialConnections>
<SharingConversations>0</SharingConversations>
<ShareSingleConversation>off</ShareSingleConversation>
<PermitInsecureServers>off</PermitInsecureServers>
<PermitSSLv3>off</PermitSSLv3>
<SSLcipher>none</SSLcipher>
<AutoRecovery>off</AutoRecovery>
<ConvertInput>on</ConvertInput>
<AutoRetry>on</AutoRetry>
<RetryInterval>6</RetryInterval>
<RetryAttempts>10</RetryAttempts>
<LongRetryInterval>60</LongRetryInterval>
<ReportingInterval>60</ReportingInterval>
<AlternateUser>on</AlternateUser>
<LocalAddress>172.27.17.64</LocalAddress>
<PollingTolerance>10</PollingTolerance>
<XMLManager class="XMLManager">default</XMLManager>
<SSLClientConfigType>proxy</SSLClientConfigType></MQQM><XMLManager name="ALM_Location_XML_Mgr" xmlns:env="http://www.w3.org/2003/05/soap-envelope" xmlns:dp="http://www.datapower.com/schemas/management">
<mAdminState>enabled</mAdminState>
<CacheMemorySize>2147483647</CacheMemorySize>
<CacheSize>256</CacheSize>
<SHA1Caching>on</SHA1Caching>
<StaticDocumentCalls>on</StaticDocumentCalls>
<SearchResults>on</SearchResults>
<SupportTxWarn>off</SupportTxWarn>
<Memoization>on</Memoization>
<ParserLimitsBytesScanned>4194304</ParserLimitsBytesScanned>
<ParserLimitsElementDepth>512</ParserLimitsElementDepth>
<ParserLimitsAttributeCount>128</ParserLimitsAttributeCount>
<ParserLimitsMaxNodeSize>33554432</ParserLimitsMaxNodeSize>
<ParserLimitsForbidExternalReferences>on</ParserLimitsForbidExternalReferences>
<ParserLimitsExternalReferences>forbid</ParserLimitsExternalReferences>
<ParserLimitsMaxPrefixes>1024</ParserLimitsMaxPrefixes>
<ParserLimitsMaxNamespaces>1024</ParserLimitsMaxNamespaces>
<ParserLimitsMaxLocalNames>60000</ParserLimitsMaxLocalNames>
<DocCacheMaxDocs>5000</DocCacheMaxDocs>
<DocCacheSize>0</DocCacheSize>
<DocMaxWrites>32768</DocMaxWrites>
<UserAgent class="HTTPUserAgent">default</UserAgent></XMLManager><MQQM name="ALM_Location_QManager" xmlns:env="http://www.w3.org/2003/05/soap-envelope" xmlns:dp="http://www.datapower.com/schemas/management">
<mAdminState>enabled</mAdminState>
<HostName>esbiibst.serv.dteco.com(1259)</HostName>
<CCSID>819</CCSID>
<ChannelName>DP.EAM.SC</ChannelName>
<CSPUserId>ealm-appid-dev</CSPUserId>
<CSPPasswordAlias class="PasswordAlias">ealm_appid_dev_pw_alias</CSPPasswordAlias>
<Heartbeat>300</Heartbeat>
<MaximumMessageSize>1048576</MaximumMessageSize>
<CacheTimeout>60</CacheTimeout>
<UnitsOfWork>1</UnitsOfWork>
<AutomaticBackout>on</AutomaticBackout>
<BackoutThreshold>1</BackoutThreshold>
<BackoutQueueName>ALM.LOCATION.RECEIVE.SEQ.BACKOUT</BackoutQueueName>
<TotalConnectionLimit>250</TotalConnectionLimit>
<InitialConnections>1</InitialConnections>
<SharingConversations>0</SharingConversations>
<ShareSingleConversation>off</ShareSingleConversation>
<PermitInsecureServers>off</PermitInsecureServers>
<PermitSSLv3>off</PermitSSLv3>
<SSLcipher>none</SSLcipher>
<AutoRecovery>off</AutoRecovery>
<ConvertInput>on</ConvertInput>
<AutoRetry>on</AutoRetry>
<RetryInterval>10</RetryInterval>
<RetryAttempts>6</RetryAttempts>
<LongRetryInterval>600</LongRetryInterval>
<ReportingInterval>10</ReportingInterval>
<AlternateUser>on</AlternateUser>
<LocalAddress>172.27.17.64</LocalAddress>
<PollingTolerance>10</PollingTolerance>
<XMLManager class="XMLManager">ALM_Location_XML_Mgr</XMLManager>
<SSLClientConfigType>proxy</SSLClientConfigType></MQQM><PasswordAlias name="esbstkeypass" xmlns:env="http://www.w3.org/2003/05/soap-envelope" xmlns:dp="http://www.datapower.com/schemas/management">
<mAdminState>enabled</mAdminState>
<DomainSettings class="DomainSettings">default</DomainSettings></PasswordAlias><CryptoKey name="ALM_cryptokey" xmlns:env="http://www.w3.org/2003/05/soap-envelope" xmlns:dp="http://www.datapower.com/schemas/management">
<mAdminState>enabled</mAdminState>
<Filename>sharedcert:///esbst.p12</Filename>
<PasswordAlias>on</PasswordAlias>
<Alias class="PasswordAlias">esbstkeypass</Alias></CryptoKey><CryptoCertificate name="ALM_cryptocert" xmlns:env="http://www.w3.org/2003/05/soap-envelope" xmlns:dp="http://www.datapower.com/schemas/management">
<mAdminState>enabled</mAdminState>
<Filename>sharedcert:///esbst.serv.dteco.com.cer</Filename>
<PasswordAlias>off</PasswordAlias>
<IgnoreExpiration>off</IgnoreExpiration></CryptoCertificate><CryptoCertificate name="SectigoRSAOrganizationValidationSecureServerCA_crypto_cert" xmlns:env="http://www.w3.org/2003/05/soap-envelope" xmlns:dp="http://www.datapower.com/schemas/management">
<mAdminState>enabled</mAdminState>
<Filename>pubcert:///SectigoRSAOrganizationValidationSecureServerCA.cer</Filename>
<PasswordAlias>off</PasswordAlias>
<IgnoreExpiration>off</IgnoreExpiration></CryptoCertificate><CryptoCertificate name="AAACertificateServices_crypto_cert" xmlns:env="http://www.w3.org/2003/05/soap-envelope" xmlns:dp="http://www.datapower.com/schemas/management">
<mAdminState>enabled</mAdminState>
<Filename>pubcert:///AAACertificateServices.cer</Filename>
<PasswordAlias>off</PasswordAlias>
<IgnoreExpiration>off</IgnoreExpiration></CryptoCertificate><CryptoCertificate name="USERTrustRSACertificationAuthority_crypto_cert" xmlns:env="http://www.w3.org/2003/05/soap-envelope" xmlns:dp="http://www.datapower.com/schemas/management">
<mAdminState>enabled</mAdminState>
<Filename>pubcert:///USERTrustRSACertificationAuthority.cer</Filename>
<PasswordAlias>off</PasswordAlias>
<IgnoreExpiration>off</IgnoreExpiration></CryptoCertificate><CryptoIdentCred name="ALM_gateway_Id_Creds" xmlns:env="http://www.w3.org/2003/05/soap-envelope" xmlns:dp="http://www.datapower.com/schemas/management">
<mAdminState>enabled</mAdminState>
<Key class="CryptoKey">ALM_cryptokey</Key>
<Certificate class="CryptoCertificate">ALM_cryptocert</Certificate>
<CA class="CryptoCertificate">SectigoRSAOrganizationValidationSecureServerCA_crypto_cert</CA>
<CA class="CryptoCertificate">AAACertificateServices_crypto_cert</CA>
<CA class="CryptoCertificate">USERTrustRSACertificationAuthority_crypto_cert</CA></CryptoIdentCred><SSLServerProfile name="ALM_gateway_Server_Profile" xmlns:env="http://www.w3.org/2003/05/soap-envelope" xmlns:dp="http://www.datapower.com/schemas/management">
<mAdminState>enabled</mAdminState>
<Protocols>
<SSLv3>on</SSLv3>
<TLSv1d0>on</TLSv1d0>
<TLSv1d1>on</TLSv1d1>
<TLSv1d2>on</TLSv1d2>
<TLSv1d3>off</TLSv1d3></Protocols>
<Ciphers>AES_256_GCM_SHA384</Ciphers>
<Ciphers>CHACHA20_POLY1305_SHA256</Ciphers>
<Ciphers>AES_128_GCM_SHA256</Ciphers>
<Ciphers>ECDHE_ECDSA_WITH_AES_256_GCM_SHA384</Ciphers>
<Ciphers>ECDHE_ECDSA_WITH_AES_256_CBC_SHA384</Ciphers>
<Ciphers>ECDHE_ECDSA_WITH_AES_128_GCM_SHA256</Ciphers>
<Ciphers>ECDHE_ECDSA_WITH_AES_128_CBC_SHA256</Ciphers>
<Ciphers>ECDHE_ECDSA_WITH_AES_256_CBC_SHA</Ciphers>
<Ciphers>ECDHE_ECDSA_WITH_AES_128_CBC_SHA</Ciphers>
<Ciphers>ECDHE_RSA_WITH_AES_256_GCM_SHA384</Ciphers>
<Ciphers>ECDHE_RSA_WITH_AES_256_CBC_SHA384</Ciphers>
<Ciphers>ECDHE_RSA_WITH_AES_128_GCM_SHA256</Ciphers>
<Ciphers>ECDHE_RSA_WITH_AES_128_CBC_SHA256</Ciphers>
<Ciphers>ECDHE_RSA_WITH_AES_256_CBC_SHA</Ciphers>
<Ciphers>ECDHE_RSA_WITH_AES_128_CBC_SHA</Ciphers>
<Ciphers>DHE_RSA_WITH_AES_256_GCM_SHA384</Ciphers>
<Ciphers>DHE_RSA_WITH_AES_256_CBC_SHA256</Ciphers>
<Ciphers>DHE_RSA_WITH_AES_128_GCM_SHA256</Ciphers>
<Ciphers>DHE_RSA_WITH_AES_128_CBC_SHA256</Ciphers>
<Ciphers>DHE_RSA_WITH_AES_256_CBC_SHA</Ciphers>
<Ciphers>DHE_RSA_WITH_AES_128_CBC_SHA</Ciphers>
<Idcred class="CryptoIdentCred">ALM_gateway_Id_Creds</Idcred>
<RequestClientAuth>off</RequestClientAuth>
<RequireClientAuth>on</RequireClientAuth>
<ValidateClientCert>on</ValidateClientCert>
<SendClientAuthCAList>on</SendClientAuthCAList>
<Caching>on</Caching>
<CacheTimeout>300</CacheTimeout>
<CacheSize>20</CacheSize>
<SSLOptions>
<max-duration>off</max-duration>
<max-renegotiation>off</max-renegotiation></SSLOptions>
<MaxSSLDuration>60</MaxSSLDuration>
<NumberOfRenegotiationAllowed>0</NumberOfRenegotiationAllowed>
<ProhibitResumeOnReneg>off</ProhibitResumeOnReneg>
<Compression>off</Compression>
<AllowLegacyRenegotiation>off</AllowLegacyRenegotiation>
<PreferServerCiphers>on</PreferServerCiphers>
<EllipticCurves>secp521r1</EllipticCurves>
<EllipticCurves>secp384r1</EllipticCurves>
<EllipticCurves>secp256k1</EllipticCurves>
<EllipticCurves>secp256r1</EllipticCurves>
<PrioritizeChaCha>off</PrioritizeChaCha>
<SigAlgs>ecdsa_secp256r1_sha256</SigAlgs>
<SigAlgs>ecdsa_secp384r1_sha384</SigAlgs>
<SigAlgs>ecdsa_secp521r1_sha512</SigAlgs>
<SigAlgs>ed25519</SigAlgs>
<SigAlgs>ed448</SigAlgs>
<SigAlgs>rsa_pss_pss_sha256</SigAlgs>
<SigAlgs>rsa_pss_pss_sha384</SigAlgs>
<SigAlgs>rsa_pss_pss_sha512</SigAlgs>
<SigAlgs>rsa_pss_rsae_sha256</SigAlgs>
<SigAlgs>rsa_pss_rsae_sha384</SigAlgs>
<SigAlgs>rsa_pss_rsae_sha512</SigAlgs>
<SigAlgs>rsa_pkcs1_sha256</SigAlgs>
<SigAlgs>rsa_pkcs1_sha384</SigAlgs>
<SigAlgs>rsa_pkcs1_sha512</SigAlgs>
<SigAlgs>ecdsa_sha224</SigAlgs>
<SigAlgs>ecdsa_sha1</SigAlgs>
<SigAlgs>rsa_pkcs1_sha224</SigAlgs>
<SigAlgs>rsa_pkcs1_sha1</SigAlgs>
<SigAlgs>dsa_sha224</SigAlgs>
<SigAlgs>dsa_sha1</SigAlgs>
<SigAlgs>dsa_sha256</SigAlgs>
<SigAlgs>dsa_sha384</SigAlgs>
<SigAlgs>dsa_sha512</SigAlgs></SSLServerProfile><HTTPSSourceProtocolHandler name="ALM_gateway_HTTPS_Handler" xmlns:env="http://www.w3.org/2003/05/soap-envelope" xmlns:dp="http://www.datapower.com/schemas/management">
<mAdminState>enabled</mAdminState>
<LocalAddress>st-eth</LocalAddress>
<LocalPort>1578</LocalPort>
<HTTPVersion>HTTP/1.1</HTTPVersion>
<AllowedFeatures>
<HTTP-1.0>on</HTTP-1.0>
<HTTP-1.1>on</HTTP-1.1>
<HTTP-2.0>off</HTTP-2.0>
<POST>on</POST>
<GET>off</GET>
<PUT>on</PUT>
<PATCH>off</PATCH>
<HEAD>off</HEAD>
<OPTIONS>off</OPTIONS>
<TRACE>off</TRACE>
<DELETE>off</DELETE>
<CONNECT>off</CONNECT>
<CustomMethods>off</CustomMethods>
<QueryString>on</QueryString>
<FragmentIdentifiers>on</FragmentIdentifiers>
<DotDot>off</DotDot>
<DotDotInPath>off</DotDotInPath>
<DotDotInQueryString>off</DotDotInQueryString>
<CmdExe>off</CmdExe></AllowedFeatures>
<PersistentConnections>on</PersistentConnections>
<MaxPersistentConnectionsReuse>0</MaxPersistentConnectionsReuse>
<AllowCompression>off</AllowCompression>
<AllowWebSocketUpgrade>off</AllowWebSocketUpgrade>
<WebSocketIdleTimeout>0</WebSocketIdleTimeout>
<MaxURLLen>16384</MaxURLLen>
<MaxTotalHdrLen>128000</MaxTotalHdrLen>
<MaxHdrCount>0</MaxHdrCount>
<MaxNameHdrLen>0</MaxNameHdrLen>
<MaxValueHdrLen>0</MaxValueHdrLen>
<MaxQueryStringLen>0</MaxQueryStringLen>
<CredentialCharset>protocol</CredentialCharset>
<SSLServerConfigType>server</SSLServerConfigType>
<SSLServer class="SSLServerProfile">ALM_gateway_Server_Profile</SSLServer>
<HTTP2MaxStreams>100</HTTP2MaxStreams>
<HTTP2MaxFrameSize>16384</HTTP2MaxFrameSize>
<HTTP2StreamHeader>off</HTTP2StreamHeader>
<ChunkedEncoding>on</ChunkedEncoding>
<HeaderTimeout>30000</HeaderTimeout></HTTPSSourceProtocolHandler><Matching name="ALM_Gateway_Match" xmlns:env="http://www.w3.org/2003/05/soap-envelope" xmlns:dp="http://www.datapower.com/schemas/management">
<mAdminState>enabled</mAdminState>
<MatchRules>
<Type>url</Type>
<HttpTag/>
<HttpValue/>
<Url>*/assetmanagement/location*</Url>
<ErrorCode/>
<XPATHExpression/>
<Method>default</Method>
<CustomMethod/></MatchRules>
<MatchWithPCRE>off</MatchWithPCRE>
<CombineWithOr>off</CombineWithOr></Matching><StylePolicyAction name="ALM_gateway_processing_policy_request_rule_xform_0" xmlns:env="http://www.w3.org/2003/05/soap-envelope" xmlns:dp="http://www.datapower.com/schemas/management">
<mAdminState>enabled</mAdminState>
<Type>xform</Type>
<Input>INPUT</Input>
<Transform>local:///ALM_Devonway/ALM_gateway/Location/ALM_gateway_deflate.xsl</Transform>
<ParseSettingsReference>
<URL/>
<Literal/>
<Default/></ParseSettingsReference>
<ParseMetricsResultType>none</ParseMetricsResultType>
<TransformLanguage>none</TransformLanguage>
<ActionDebug persisted="false">off</ActionDebug>
<Output>InflatedPayload</Output>
<NoTranscodeUtf8>off</NoTranscodeUtf8>
<NamedInOutLocationType>default</NamedInOutLocationType>
<SSLClientConfigType>proxy</SSLClientConfigType>
<OutputType>default</OutputType>
<Transactional>off</Transactional>
<SOAPValidation>body</SOAPValidation>
<SQLSourceType>static</SQLSourceType>
<JWSVerifyStripSignature>on</JWSVerifyStripSignature>
<Asynchronous>off</Asynchronous>
<ResultsMode>first-available</ResultsMode>
<RetryCount>0</RetryCount>
<RetryInterval>1000</RetryInterval>
<MultipleOutputs>off</MultipleOutputs>
<IteratorType>XPATH</IteratorType>
<Timeout>0</Timeout>
<MethodRewriteType>GET</MethodRewriteType>
<MethodType>POST</MethodType>
<MethodType2>POST</MethodType2></StylePolicyAction><StylePolicyAction name="ALM_gateway_processing_policy_request_rule_gatewayscript_0" xmlns:env="http://www.w3.org/2003/05/soap-envelope" xmlns:dp="http://www.datapower.com/schemas/management">
<mAdminState>enabled</mAdminState>
<Type>gatewayscript</Type>
<Input>InflatedPayload</Input>
<ParseSettingsReference>
<URL/>
<Literal/>
<Default/></ParseSettingsReference>
<ParseMetricsResultType>none</ParseMetricsResultType>
<TransformLanguage>none</TransformLanguage>
<GatewayScriptLocation>local:///ALM_Devonway/ALM_gateway/Location/ALM_gateway_SeqRequest.js</GatewayScriptLocation>
<ActionDebug persisted="false">off</ActionDebug>
<Output>SeqReq</Output>
<NoTranscodeUtf8>off</NoTranscodeUtf8>
<NamedInOutLocationType>default</NamedInOutLocationType>
<SSLClientConfigType>proxy</SSLClientConfigType>
<Transactional>off</Transactional>
<SOAPValidation>body</SOAPValidation>
<SQLSourceType>static</SQLSourceType>
<JWSVerifyStripSignature>on</JWSVerifyStripSignature>
<Asynchronous>off</Asynchronous>
<ResultsMode>first-available</ResultsMode>
<RetryCount>0</RetryCount>
<RetryInterval>1000</RetryInterval>
<MultipleOutputs>off</MultipleOutputs>
<IteratorType>XPATH</IteratorType>
<Timeout>0</Timeout>
<MethodRewriteType>GET</MethodRewriteType>
<MethodType>POST</MethodType>
<MethodType2>POST</MethodType2></StylePolicyAction><StylePolicyAction name="ALM_gateway_processing_policy_request_rule_setvar_0" xmlns:env="http://www.w3.org/2003/05/soap-envelope" xmlns:dp="http://www.datapower.com/schemas/management">
<mAdminState>enabled</mAdminState>
<Type>setvar</Type>
<Input>SeqReq</Input>
<ParseSettingsReference>
<URL/>
<Literal/>
<Default/></ParseSettingsReference>
<ParseMetricsResultType>none</ParseMetricsResultType>
<TransformLanguage>none</TransformLanguage>
<ActionDebug persisted="false">off</ActionDebug>
<NoTranscodeUtf8>off</NoTranscodeUtf8>
<NamedInOutLocationType>default</NamedInOutLocationType>
<Variable>var://service/mpgw/skip-backside</Variable>
<Value>1</Value>
<SSLClientConfigType>proxy</SSLClientConfigType>
<Transactional>off</Transactional>
<SOAPValidation>body</SOAPValidation>
<SQLSourceType>static</SQLSourceType>
<JWSVerifyStripSignature>on</JWSVerifyStripSignature>
<Asynchronous>off</Asynchronous>
<ResultsMode>first-available</ResultsMode>
<RetryCount>0</RetryCount>
<RetryInterval>1000</RetryInterval>
<MultipleOutputs>off</MultipleOutputs>
<IteratorType>XPATH</IteratorType>
<Timeout>0</Timeout>
<MethodRewriteType>GET</MethodRewriteType>
<MethodType>POST</MethodType>
<MethodType2>POST</MethodType2></StylePolicyAction><StylePolicyAction name="ALM_gateway_processing_policy_request_rule_results_0" xmlns:env="http://www.w3.org/2003/05/soap-envelope" xmlns:dp="http://www.datapower.com/schemas/management">
<mAdminState>enabled</mAdminState>
<Type>results</Type>
<Input>SeqReq</Input>
<ParseSettingsReference>
<URL/>
<Literal/>
<Default/></ParseSettingsReference>
<ParseMetricsResultType>none</ParseMetricsResultType>
<TransformLanguage>none</TransformLanguage>
<ActionDebug persisted="false">off</ActionDebug>
<NoTranscodeUtf8>off</NoTranscodeUtf8>
<NamedInOutLocationType>default</NamedInOutLocationType>
<SSLClientConfigType>proxy</SSLClientConfigType>
<OutputType>default</OutputType>
<Transactional>off</Transactional>
<SOAPValidation>body</SOAPValidation>
<SQLSourceType>static</SQLSourceType>
<JWSVerifyStripSignature>on</JWSVerifyStripSignature>
<Asynchronous>off</Asynchronous>
<ResultsMode>first-available</ResultsMode>
<RetryCount>0</RetryCount>
<RetryInterval>1000</RetryInterval>
<MultipleOutputs>off</MultipleOutputs>
<IteratorType>XPATH</IteratorType>
<Timeout>0</Timeout>
<MethodRewriteType>GET</MethodRewriteType>
<MethodType>POST</MethodType>
<MethodType2>POST</MethodType2></StylePolicyAction><StylePolicyRule name="ALM_gateway_processing_policy_request_rule" xmlns:env="http://www.w3.org/2003/05/soap-envelope" xmlns:dp="http://www.datapower.com/schemas/management">
<mAdminState>enabled</mAdminState>
<Actions class="StylePolicyAction">ALM_gateway_processing_policy_request_rule_xform_0</Actions>
<Actions class="StylePolicyAction">ALM_gateway_processing_policy_request_rule_gatewayscript_0</Actions>
<Actions class="StylePolicyAction">ALM_gateway_processing_policy_request_rule_setvar_0</Actions>
<Actions class="StylePolicyAction">ALM_gateway_processing_policy_request_rule_results_0</Actions>
<Direction>request-rule</Direction>
<InputFormat>none</InputFormat>
<OutputFormat>none</OutputFormat>
<NonXMLProcessing>off</NonXMLProcessing>
<Unprocessed>off</Unprocessed></StylePolicyRule><Matching name="ALM_All" xmlns:env="http://www.w3.org/2003/05/soap-envelope" xmlns:dp="http://www.datapower.com/schemas/management">
<mAdminState>enabled</mAdminState>
<MatchRules>
<Type>url</Type>
<HttpTag/>
<HttpValue/>
<Url>*</Url>
<ErrorCode/>
<XPATHExpression/>
<Method>default</Method>
<CustomMethod/></MatchRules>
<MatchWithPCRE>off</MatchWithPCRE>
<CombineWithOr>off</CombineWithOr></Matching><StylePolicyAction name="ALM_gateway_processing_policy_error_rule_results_1" xmlns:env="http://www.w3.org/2003/05/soap-envelope" xmlns:dp="http://www.datapower.com/schemas/management">
<mAdminState>enabled</mAdminState>
<Type>results</Type>
<Input>INPUT</Input>
<ParseSettingsReference>
<URL/>
<Literal/>
<Default/></ParseSettingsReference>
<ParseMetricsResultType>none</ParseMetricsResultType>
<TransformLanguage>none</TransformLanguage>
<ActionDebug persisted="false">off</ActionDebug>
<NoTranscodeUtf8>off</NoTranscodeUtf8>
<NamedInOutLocationType>default</NamedInOutLocationType>
<SSLClientConfigType>proxy</SSLClientConfigType>
<OutputType>default</OutputType>
<Transactional>off</Transactional>
<SOAPValidation>body</SOAPValidation>
<SQLSourceType>static</SQLSourceType>
<JWSVerifyStripSignature>on</JWSVerifyStripSignature>
<Asynchronous>off</Asynchronous>
<ResultsMode>first-available</ResultsMode>
<RetryCount>0</RetryCount>
<RetryInterval>1000</RetryInterval>
<MultipleOutputs>off</MultipleOutputs>
<IteratorType>XPATH</IteratorType>
<Timeout>0</Timeout>
<MethodRewriteType>GET</MethodRewriteType>
<MethodType>POST</MethodType>
<MethodType2>POST</MethodType2></StylePolicyAction><StylePolicyRule name="ALM_gateway_processing_policy_error_rule" xmlns:env="http://www.w3.org/2003/05/soap-envelope" xmlns:dp="http://www.datapower.com/schemas/management">
<mAdminState>enabled</mAdminState>
<Actions class="StylePolicyAction">ALM_gateway_processing_policy_error_rule_results_1</Actions>
<Direction>error-rule</Direction>
<InputFormat>none</InputFormat>
<OutputFormat>none</OutputFormat>
<NonXMLProcessing>off</NonXMLProcessing>
<Unprocessed>off</Unprocessed></StylePolicyRule><StylePolicy name="ALM_gateway_processing_policy" xmlns:env="http://www.w3.org/2003/05/soap-envelope" xmlns:dp="http://www.datapower.com/schemas/management">
<mAdminState>enabled</mAdminState>
<DefStylesheetForSoap>store:///filter-reject-all.xsl</DefStylesheetForSoap>
<DefStylesheetForXsl>store:///identity.xsl</DefStylesheetForXsl>
<DefXQueryForJSON>store:///reject-all-json.xq</DefXQueryForJSON>
<PolicyMaps>
<Match class="Matching">ALM_Gateway_Match</Match>
<Rule class="StylePolicyRule">ALM_gateway_processing_policy_request_rule</Rule></PolicyMaps>
<PolicyMaps>
<Match class="Matching">ALM_All</Match>
<Rule class="StylePolicyRule">ALM_gateway_processing_policy_error_rule</Rule></PolicyMaps></StylePolicy><PolicyAttachments name="ALM_gateway" xmlns:env="http://www.w3.org/2003/05/soap-envelope" xmlns:dp="http://www.datapower.com/schemas/management">
<mAdminState>enabled</mAdminState>
<EnforcementMode>enforce</EnforcementMode>
<PolicyReferences>on</PolicyReferences>
<SLAEnforcementMode>allow-if-no-sla</SLAEnforcementMode></PolicyAttachments><MultiProtocolGateway name="ALM_gateway" xmlns:env="http://www.w3.org/2003/05/soap-envelope" xmlns:dp="http://www.datapower.com/schemas/management">
<mAdminState>enabled</mAdminState>
<Priority>normal</Priority>
<FrontProtocol class="HTTPSSourceProtocolHandler">ALM_gateway_HTTPS_Handler</FrontProtocol>
<XMLManager class="XMLManager">ALM_gateway_XML_Mgr</XMLManager>
<SSLClientConfigType>proxy</SSLClientConfigType>
<StylesheetParameters>
<ParameterName>ALM_Location_SequanceUrl</ParameterName>
<ParameterValue>dpmq://ALM_Gateway_sequence_Qmgr/?RequestQueue=SEQ.REQUEST</ParameterValue></StylesheetParameters>
<StylesheetParameters>
<ParameterName>expiry</ParameterName>
<ParameterValue>1</ParameterValue></StylesheetParameters>
<StylesheetParameters>
<ParameterName>waitTime</ParameterName>
<ParameterValue>5</ParameterValue></StylesheetParameters>
<DefaultParamNamespace>http://www.datapower.com/param/config</DefaultParamNamespace>
<QueryParamNamespace>http://www.datapower.com/param/query</QueryParamNamespace>
<PropagateURI>on</PropagateURI>
<MonitorProcessingPolicy>terminate-at-first-throttle</MonitorProcessingPolicy>
<RequestAttachments>strip</RequestAttachments>
<ResponseAttachments>strip</ResponseAttachments>
<RequestAttachmentsFlowControl>off</RequestAttachmentsFlowControl>
<ResponseAttachmentsFlowControl>off</ResponseAttachmentsFlowControl>
<RootPartNotFirstAction>process-in-order</RootPartNotFirstAction>
<FrontAttachmentFormat>dynamic</FrontAttachmentFormat>
<BackAttachmentFormat>dynamic</BackAttachmentFormat>
<MIMEFrontHeaders>on</MIMEFrontHeaders>
<MIMEBackHeaders>on</MIMEBackHeaders>
<StreamOutputToBack>buffer-until-verification</StreamOutputToBack>
<StreamOutputToFront>buffer-until-verification</StreamOutputToFront>
<MaxMessageSize>0</MaxMessageSize>
<GatewayParserLimits>off</GatewayParserLimits>
<ParserLimitsElementDepth>512</ParserLimitsElementDepth>
<ParserLimitsAttributeCount>128</ParserLimitsAttributeCount>
<ParserLimitsMaxNodeSize>33554432</ParserLimitsMaxNodeSize>
<ParserLimitsForbidExternalReferences>on</ParserLimitsForbidExternalReferences>
<ParserLimitsExternalReferences>forbid</ParserLimitsExternalReferences>
<ParserLimitsMaxPrefixes>1024</ParserLimitsMaxPrefixes>
<ParserLimitsMaxNamespaces>1024</ParserLimitsMaxNamespaces>
<ParserLimitsMaxLocalNames>60000</ParserLimitsMaxLocalNames>
<ParserLimitsAttachmentByteCount>2000000000</ParserLimitsAttachmentByteCount>
<ParserLimitsAttachmentPackageByteCount>0</ParserLimitsAttachmentPackageByteCount>
<DebugMode persisted="false">on</DebugMode>
<DebuggerType>internal</DebuggerType>
<DebugHistory>25</DebugHistory>
<FlowControl>off</FlowControl>
<SOAPSchemaURL>store:///schemas/soap-envelope.xsd</SOAPSchemaURL>
<FrontTimeout>120</FrontTimeout>
<BackTimeout>120</BackTimeout>
<FrontPersistentTimeout>180</FrontPersistentTimeout>
<BackPersistentTimeout>180</BackPersistentTimeout>
<IncludeResponseTypeEncoding>off</IncludeResponseTypeEncoding>
<PersistentConnections>on</PersistentConnections>
<LoopDetection>off</LoopDetection>
<DoHostRewriting>on</DoHostRewriting>
<DoChunkedUpload>off</DoChunkedUpload>
<ProcessHTTPErrors>on</ProcessHTTPErrors>
<HTTPClientIPLabel>X-Client-IP</HTTPClientIPLabel>
<HTTPLogCorIDLabel>X-Global-Transaction-ID</HTTPLogCorIDLabel>
<InOrderMode>
<Request>off</Request>
<Backend>off</Backend>
<Response>off</Response></InOrderMode>
<WSAMode>sync2sync</WSAMode>
<WSARequireAAA>on</WSARequireAAA>
<WSAStrip>on</WSAStrip>
<WSADefaultReplyTo>http://schemas.xmlsoap.org/ws/2004/08/addressing/role/anonymous</WSADefaultReplyTo>
<WSADefaultFaultTo>http://schemas.xmlsoap.org/ws/2004/08/addressing/role/anonymous</WSADefaultFaultTo>
<WSAForce>off</WSAForce>
<WSAGenStyle>sync</WSAGenStyle>
<WSAHTTPAsyncResponseCode>204</WSAHTTPAsyncResponseCode>
<WSATimeout>120</WSATimeout>
<WSRMEnabled>off</WSRMEnabled>
<WSRMSequenceExpiration>3600</WSRMSequenceExpiration>
<WSRMDestinationAcceptCreateSequence>on</WSRMDestinationAcceptCreateSequence>
<WSRMDestinationMaximumSequences>400</WSRMDestinationMaximumSequences>
<WSRMDestinationInOrder>off</WSRMDestinationInOrder>
<WSRMDestinationMaximumInOrderQueueLength>10</WSRMDestinationMaximumInOrderQueueLength>
<WSRMDestinationAcceptOffers>off</WSRMDestinationAcceptOffers>
<WSRMFrontForce>off</WSRMFrontForce>
<WSRMBackForce>off</WSRMBackForce>
<WSRMBackCreateSequence>off</WSRMBackCreateSequence>
<WSRMFrontCreateSequence>off</WSRMFrontCreateSequence>
<WSRMSourceMakeOffer>off</WSRMSourceMakeOffer>
<WSRMUsesSequenceSSL>off</WSRMUsesSequenceSSL>
<WSRMSourceMaximumSequences>400</WSRMSourceMaximumSequences>
<WSRMSourceRetransmissionInterval>10</WSRMSourceRetransmissionInterval>
<WSRMSourceExponentialBackoff>on</WSRMSourceExponentialBackoff>
<WSRMSourceMaximumRetransmissions>4</WSRMSourceMaximumRetransmissions>
<WSRMSourceMaximumQueueLength>30</WSRMSourceMaximumQueueLength>
<WSRMSourceRequestAckCount>1</WSRMSourceRequestAckCount>
<WSRMSourceInactivityClose>360</WSRMSourceInactivityClose>
<ForcePolicyExec>off</ForcePolicyExec>
<RewriteErrors>on</RewriteErrors>
<DelayErrors>on</DelayErrors>
<DelayErrorsDuration>1000</DelayErrorsDuration>
<BackHTTPVersion>HTTP/1.1</BackHTTPVersion>
<HTTP2Required>off</HTTP2Required>
<RequestType>xml</RequestType>
<ResponseType>json</ResponseType>
<FollowRedirects>on</FollowRedirects>
<RewriteLocationHeader>off</RewriteLocationHeader>
<StylePolicy class="StylePolicy">ALM_gateway_processing_policy</StylePolicy>
<Type>dynamic-backend</Type>
<AllowCompression>off</AllowCompression>
<EnableCompressedPayloadPassthrough>off</EnableCompressedPayloadPassthrough>
<AllowCacheControlHeader>off</AllowCacheControlHeader>
<PolicyAttachments class="PolicyAttachments">ALM_gateway</PolicyAttachments>
<WSMAgentMonitor>off</WSMAgentMonitor>
<WSMAgentMonitorPCM>all-messages</WSMAgentMonitorPCM>
<ProxyHTTPResponse>off</ProxyHTTPResponse>
<TransactionTimeout>0</TransactionTimeout></MultiProtocolGateway><MQSourceProtocolHandler name="ALM_Location_MQ_Handler" xmlns:env="http://www.w3.org/2003/05/soap-envelope" xmlns:dp="http://www.datapower.com/schemas/management">
<mAdminState>enabled</mAdminState>
<QueueManager class="MQQM">ALM_Location</QueueManager>
<GetQueue>ALM.LOCATION.RECEIVE.SEQ</GetQueue>
<CodePage>0</CodePage>
<GetMessageOptions>1</GetMessageOptions>
<ParseProperties>off</ParseProperties>
<AsyncPut>off</AsyncPut>
<ExcludeHeaders>
<MQCIH>off</MQCIH>
<MQDLH>off</MQDLH>
<MQIIH>off</MQIIH>
<MQRFH>off</MQRFH>
<MQRFH2>off</MQRFH2>
<MQWIH>off</MQWIH></ExcludeHeaders>
<ConcurrentConnections>1</ConcurrentConnections>
<PollingInterval>30</PollingInterval>
<BatchSize>0</BatchSize>
<ContentTypeHeader>None</ContentTypeHeader>
<RetrieveBackoutSettings>off</RetrieveBackoutSettings>
<UseQMNameInURL>off</UseQMNameInURL></MQSourceProtocolHandler><MQSourceProtocolHandler name="ALM_Location_MQ_ALT_Handler" xmlns:env="http://www.w3.org/2003/05/soap-envelope" xmlns:dp="http://www.datapower.com/schemas/management">
<mAdminState>enabled</mAdminState>
<QueueManager class="MQQM">ALM_Location_QManager</QueueManager>
<GetQueue>ALM.LOCATION.RECEIVE.SEQ</GetQueue>
<CodePage>0</CodePage>
<GetMessageOptions>1</GetMessageOptions>
<ParseProperties>off</ParseProperties>
<AsyncPut>off</AsyncPut>
<ExcludeHeaders>
<MQCIH>off</MQCIH>
<MQDLH>off</MQDLH>
<MQIIH>off</MQIIH>
<MQRFH>off</MQRFH>
<MQRFH2>off</MQRFH2>
<MQWIH>off</MQWIH></ExcludeHeaders>
<ConcurrentConnections>1</ConcurrentConnections>
<PollingInterval>30</PollingInterval>
<BatchSize>0</BatchSize>
<ContentTypeHeader>None</ContentTypeHeader>
<RetrieveBackoutSettings>off</RetrieveBackoutSettings>
<UseQMNameInURL>off</UseQMNameInURL></MQSourceProtocolHandler><Matching name="ALM_Location_Match" xmlns:env="http://www.w3.org/2003/05/soap-envelope" xmlns:dp="http://www.datapower.com/schemas/management">
<mAdminState>enabled</mAdminState>
<MatchRules>
<Type>url</Type>
<HttpTag/>
<HttpValue/>
<Url>*</Url>
<ErrorCode/>
<XPATHExpression/>
<Method>default</Method>
<CustomMethod/></MatchRules>
<MatchWithPCRE>off</MatchWithPCRE>
<CombineWithOr>off</CombineWithOr></Matching><StylePolicyAction name="ALM_Location_Processing_Policy_request_rule_xform_0" xmlns:env="http://www.w3.org/2003/05/soap-envelope" xmlns:dp="http://www.datapower.com/schemas/management">
<mAdminState>enabled</mAdminState>
<Type>xform</Type>
<Input>__JSONASJSONX</Input>
<Transform>local:///ALM_Devonway/ALM_location/ALM_location_inflate.xsl</Transform>
<ParseSettingsReference>
<URL/>
<Literal/>
<Default/></ParseSettingsReference>
<ParseMetricsResultType>none</ParseMetricsResultType>
<TransformLanguage>none</TransformLanguage>
<ActionDebug persisted="false">off</ActionDebug>
<Output>InflatedPayload</Output>
<NoTranscodeUtf8>off</NoTranscodeUtf8>
<NamedInOutLocationType>default</NamedInOutLocationType>
<SSLClientConfigType>proxy</SSLClientConfigType>
<OutputType>default</OutputType>
<Transactional>off</Transactional>
<SOAPValidation>body</SOAPValidation>
<SQLSourceType>static</SQLSourceType>
<JWSVerifyStripSignature>on</JWSVerifyStripSignature>
<Asynchronous>off</Asynchronous>
<ResultsMode>first-available</ResultsMode>
<RetryCount>0</RetryCount>
<RetryInterval>1000</RetryInterval>
<MultipleOutputs>off</MultipleOutputs>
<IteratorType>XPATH</IteratorType>
<Timeout>0</Timeout>
<MethodRewriteType>GET</MethodRewriteType>
<MethodType>POST</MethodType>
<MethodType2>POST</MethodType2></StylePolicyAction><StylePolicyAction name="ALM_Location_Processing_Policy_request_rule_xform_1" xmlns:env="http://www.w3.org/2003/05/soap-envelope" xmlns:dp="http://www.datapower.com/schemas/management">
<mAdminState>enabled</mAdminState>
<Type>xform</Type>
<Input>InflatedPayload</Input>
<Transform>store:///jsonx2json.xsl</Transform>
<ParseSettingsReference>
<URL/>
<Literal/>
<Default/></ParseSettingsReference>
<ParseMetricsResultType>none</ParseMetricsResultType>
<TransformLanguage>none</TransformLanguage>
<ActionDebug persisted="false">off</ActionDebug>
<Output>jsonFormat</Output>
<NoTranscodeUtf8>off</NoTranscodeUtf8>
<NamedInOutLocationType>default</NamedInOutLocationType>
<SSLClientConfigType>proxy</SSLClientConfigType>
<OutputType>default</OutputType>
<Transactional>off</Transactional>
<SOAPValidation>body</SOAPValidation>
<SQLSourceType>static</SQLSourceType>
<JWSVerifyStripSignature>on</JWSVerifyStripSignature>
<Asynchronous>off</Asynchronous>
<ResultsMode>first-available</ResultsMode>
<RetryCount>0</RetryCount>
<RetryInterval>1000</RetryInterval>
<MultipleOutputs>off</MultipleOutputs>
<IteratorType>XPATH</IteratorType>
<Timeout>0</Timeout>
<MethodRewriteType>GET</MethodRewriteType>
<MethodType>POST</MethodType>
<MethodType2>POST</MethodType2></StylePolicyAction><StylePolicyAction name="ALM_Location_Processing_Policy_request_rule_xform_2" xmlns:env="http://www.w3.org/2003/05/soap-envelope" xmlns:dp="http://www.datapower.com/schemas/management">
<mAdminState>enabled</mAdminState>
<Type>xform</Type>
<Input>InflatedPayload</Input>
<Transform>local:///ALM_Devonway/ALM_location/ALM_location_Devonway.xsl</Transform>
<ParseSettingsReference>
<URL/>
<Literal/>
<Default/></ParseSettingsReference>
<ParseMetricsResultType>none</ParseMetricsResultType>
<TransformLanguage>none</TransformLanguage>
<ActionDebug persisted="false">off</ActionDebug>
<Output>devPayload</Output>
<NoTranscodeUtf8>off</NoTranscodeUtf8>
<NamedInOutLocationType>default</NamedInOutLocationType>
<SSLClientConfigType>proxy</SSLClientConfigType>
<OutputType>default</OutputType>
<Transactional>off</Transactional>
<SOAPValidation>body</SOAPValidation>
<SQLSourceType>static</SQLSourceType>
<JWSVerifyStripSignature>on</JWSVerifyStripSignature>
<Asynchronous>off</Asynchronous>
<ResultsMode>first-available</ResultsMode>
<RetryCount>0</RetryCount>
<RetryInterval>1000</RetryInterval>
<MultipleOutputs>off</MultipleOutputs>
<IteratorType>XPATH</IteratorType>
<Timeout>0</Timeout>
<MethodRewriteType>GET</MethodRewriteType>
<MethodType>POST</MethodType>
<MethodType2>POST</MethodType2></StylePolicyAction><StylePolicyAction name="ALM_Location_Processing_Policy_request_rule_xform_3" xmlns:env="http://www.w3.org/2003/05/soap-envelope" xmlns:dp="http://www.datapower.com/schemas/management">
<mAdminState>enabled</mAdminState>
<Type>xform</Type>
<Input>devPayload</Input>
<Transform>store:///jsonx2json.xsl</Transform>
<ParseSettingsReference>
<URL/>
<Literal/>
<Default/></ParseSettingsReference>
<ParseMetricsResultType>none</ParseMetricsResultType>
<TransformLanguage>none</TransformLanguage>
<ActionDebug persisted="false">off</ActionDebug>
<Output>devJsonPayload</Output>
<NoTranscodeUtf8>off</NoTranscodeUtf8>
<NamedInOutLocationType>default</NamedInOutLocationType>
<SSLClientConfigType>proxy</SSLClientConfigType>
<OutputType>default</OutputType>
<Transactional>off</Transactional>
<SOAPValidation>body</SOAPValidation>
<SQLSourceType>static</SQLSourceType>
<JWSVerifyStripSignature>on</JWSVerifyStripSignature>
<Asynchronous>off</Asynchronous>
<ResultsMode>first-available</ResultsMode>
<RetryCount>0</RetryCount>
<RetryInterval>1000</RetryInterval>
<MultipleOutputs>off</MultipleOutputs>
<IteratorType>XPATH</IteratorType>
<Timeout>0</Timeout>
<MethodRewriteType>GET</MethodRewriteType>
<MethodType>POST</MethodType>
<MethodType2>POST</MethodType2></StylePolicyAction><StylePolicyAction name="ALM_Location_Processing_Policy_request_rule_gatewayscript_0" xmlns:env="http://www.w3.org/2003/05/soap-envelope" xmlns:dp="http://www.datapower.com/schemas/management">
<mAdminState>enabled</mAdminState>
<Type>gatewayscript</Type>
<Input>devJsonPayload</Input>
<ParseSettingsReference>
<URL/>
<Literal/>
<Default/></ParseSettingsReference>
<ParseMetricsResultType>none</ParseMetricsResultType>
<TransformLanguage>none</TransformLanguage>
<GatewayScriptLocation>local:///ALM_Devonway/ALM_location/ALM_location_Devonway.js</GatewayScriptLocation>
<ActionDebug persisted="false">off</ActionDebug>
<Output>DevonWay</Output>
<NoTranscodeUtf8>off</NoTranscodeUtf8>
<NamedInOutLocationType>default</NamedInOutLocationType>
<SSLClientConfigType>proxy</SSLClientConfigType>
<Transactional>off</Transactional>
<SOAPValidation>body</SOAPValidation>
<SQLSourceType>static</SQLSourceType>
<JWSVerifyStripSignature>on</JWSVerifyStripSignature>
<Asynchronous>off</Asynchronous>
<ResultsMode>first-available</ResultsMode>
<RetryCount>0</RetryCount>
<RetryInterval>1000</RetryInterval>
<MultipleOutputs>off</MultipleOutputs>
<IteratorType>XPATH</IteratorType>
<Timeout>0</Timeout>
<MethodRewriteType>GET</MethodRewriteType>
<MethodType>POST</MethodType>
<MethodType2>POST</MethodType2></StylePolicyAction><StylePolicyAction name="ALM_Location_Processing_Policy_request_rule_gatewayscript_1" xmlns:env="http://www.w3.org/2003/05/soap-envelope" xmlns:dp="http://www.datapower.com/schemas/management">
<mAdminState>enabled</mAdminState>
<Type>gatewayscript</Type>
<Input>jsonFormat</Input>
<ParseSettingsReference>
<URL/>
<Literal/>
<Default/></ParseSettingsReference>
<ParseMetricsResultType>none</ParseMetricsResultType>
<TransformLanguage>none</TransformLanguage>
<GatewayScriptLocation>local:///ALM_Devonway/ALM_location/ALM_location_sequenceReply.js</GatewayScriptLocation>
<ActionDebug persisted="false">off</ActionDebug>
<Output>SeqReply</Output>
<NoTranscodeUtf8>off</NoTranscodeUtf8>
<NamedInOutLocationType>default</NamedInOutLocationType>
<SSLClientConfigType>proxy</SSLClientConfigType>
<Transactional>off</Transactional>
<SOAPValidation>body</SOAPValidation>
<SQLSourceType>static</SQLSourceType>
<JWSVerifyStripSignature>on</JWSVerifyStripSignature>
<Asynchronous>off</Asynchronous>
<ResultsMode>first-available</ResultsMode>
<RetryCount>0</RetryCount>
<RetryInterval>1000</RetryInterval>
<MultipleOutputs>off</MultipleOutputs>
<IteratorType>XPATH</IteratorType>
<Timeout>0</Timeout>
<MethodRewriteType>GET</MethodRewriteType>
<MethodType>POST</MethodType>
<MethodType2>POST</MethodType2></StylePolicyAction><StylePolicyAction name="ALM_Location_Processing_Policy_request_rule_setvar_0" xmlns:env="http://www.w3.org/2003/05/soap-envelope" xmlns:dp="http://www.datapower.com/schemas/management">
<mAdminState>enabled</mAdminState>
<Type>setvar</Type>
<Input>SeqReply</Input>
<ParseSettingsReference>
<URL/>
<Literal/>
<Default/></ParseSettingsReference>
<ParseMetricsResultType>none</ParseMetricsResultType>
<TransformLanguage>none</TransformLanguage>
<ActionDebug persisted="false">off</ActionDebug>
<NoTranscodeUtf8>off</NoTranscodeUtf8>
<NamedInOutLocationType>default</NamedInOutLocationType>
<Variable>var://service/mpgw/skip-backside</Variable>
<Value>1</Value>
<SSLClientConfigType>proxy</SSLClientConfigType>
<Transactional>off</Transactional>
<SOAPValidation>body</SOAPValidation>
<SQLSourceType>static</SQLSourceType>
<JWSVerifyStripSignature>on</JWSVerifyStripSignature>
<Asynchronous>off</Asynchronous>
<ResultsMode>first-available</ResultsMode>
<RetryCount>0</RetryCount>
<RetryInterval>1000</RetryInterval>
<MultipleOutputs>off</MultipleOutputs>
<IteratorType>XPATH</IteratorType>
<Timeout>0</Timeout>
<MethodRewriteType>GET</MethodRewriteType>
<MethodType>POST</MethodType>
<MethodType2>POST</MethodType2></StylePolicyAction><StylePolicyAction name="ALM_Location_Processing_Policy_request_rule_results_0" xmlns:env="http://www.w3.org/2003/05/soap-envelope" xmlns:dp="http://www.datapower.com/schemas/management">
<mAdminState>enabled</mAdminState>
<Type>results</Type>
<Input>SeqReply</Input>
<ParseSettingsReference>
<URL/>
<Literal/>
<Default/></ParseSettingsReference>
<ParseMetricsResultType>none</ParseMetricsResultType>
<TransformLanguage>none</TransformLanguage>
<ActionDebug persisted="false">off</ActionDebug>
<NoTranscodeUtf8>off</NoTranscodeUtf8>
<NamedInOutLocationType>default</NamedInOutLocationType>
<SSLClientConfigType>proxy</SSLClientConfigType>
<OutputType>default</OutputType>
<Transactional>off</Transactional>
<SOAPValidation>body</SOAPValidation>
<SQLSourceType>static</SQLSourceType>
<JWSVerifyStripSignature>on</JWSVerifyStripSignature>
<Asynchronous>off</Asynchronous>
<ResultsMode>first-available</ResultsMode>
<RetryCount>0</RetryCount>
<RetryInterval>1000</RetryInterval>
<MultipleOutputs>off</MultipleOutputs>
<IteratorType>XPATH</IteratorType>
<Timeout>0</Timeout>
<MethodRewriteType>GET</MethodRewriteType>
<MethodType>POST</MethodType>
<MethodType2>POST</MethodType2></StylePolicyAction><StylePolicyRule name="ALM_Location_Processing_Policy_request_rule" xmlns:env="http://www.w3.org/2003/05/soap-envelope" xmlns:dp="http://www.datapower.com/schemas/management">
<mAdminState>enabled</mAdminState>
<Actions class="StylePolicyAction">ALM_Location_Processing_Policy_request_rule_xform_0</Actions>
<Actions class="StylePolicyAction">ALM_Location_Processing_Policy_request_rule_xform_1</Actions>
<Actions class="StylePolicyAction">ALM_Location_Processing_Policy_request_rule_xform_2</Actions>
<Actions class="StylePolicyAction">ALM_Location_Processing_Policy_request_rule_xform_3</Actions>
<Actions class="StylePolicyAction">ALM_Location_Processing_Policy_request_rule_gatewayscript_0</Actions>
<Actions class="StylePolicyAction">ALM_Location_Processing_Policy_request_rule_gatewayscript_1</Actions>
<Actions class="StylePolicyAction">ALM_Location_Processing_Policy_request_rule_setvar_0</Actions>
<Actions class="StylePolicyAction">ALM_Location_Processing_Policy_request_rule_results_0</Actions>
<Direction>request-rule</Direction>
<InputFormat>none</InputFormat>
<OutputFormat>none</OutputFormat>
<NonXMLProcessing>off</NonXMLProcessing>
<Unprocessed>off</Unprocessed></StylePolicyRule><StylePolicyAction name="ALM_Location_Processing_Policy_error_rule_results_1" xmlns:env="http://www.w3.org/2003/05/soap-envelope" xmlns:dp="http://www.datapower.com/schemas/management">
<mAdminState>enabled</mAdminState>
<Type>results</Type>
<Input>INPUT</Input>
<ParseSettingsReference>
<URL/>
<Literal/>
<Default/></ParseSettingsReference>
<ParseMetricsResultType>none</ParseMetricsResultType>
<TransformLanguage>none</TransformLanguage>
<ActionDebug persisted="false">off</ActionDebug>
<NoTranscodeUtf8>off</NoTranscodeUtf8>
<NamedInOutLocationType>default</NamedInOutLocationType>
<SSLClientConfigType>proxy</SSLClientConfigType>
<OutputType>default</OutputType>
<Transactional>off</Transactional>
<SOAPValidation>body</SOAPValidation>
<SQLSourceType>static</SQLSourceType>
<JWSVerifyStripSignature>on</JWSVerifyStripSignature>
<Asynchronous>off</Asynchronous>
<ResultsMode>first-available</ResultsMode>
<RetryCount>0</RetryCount>
<RetryInterval>1000</RetryInterval>
<MultipleOutputs>off</MultipleOutputs>
<IteratorType>XPATH</IteratorType>
<Timeout>0</Timeout>
<MethodRewriteType>GET</MethodRewriteType>
<MethodType>POST</MethodType>
<MethodType2>POST</MethodType2></StylePolicyAction><StylePolicyRule name="ALM_Location_Processing_Policy_error_rule" xmlns:env="http://www.w3.org/2003/05/soap-envelope" xmlns:dp="http://www.datapower.com/schemas/management">
<mAdminState>enabled</mAdminState>
<Actions class="StylePolicyAction">ALM_Location_Processing_Policy_error_rule_results_1</Actions>
<Direction>error-rule</Direction>
<InputFormat>none</InputFormat>
<OutputFormat>none</OutputFormat>
<NonXMLProcessing>off</NonXMLProcessing>
<Unprocessed>off</Unprocessed></StylePolicyRule><StylePolicy name="ALM_Location_Processing_Policy" xmlns:env="http://www.w3.org/2003/05/soap-envelope" xmlns:dp="http://www.datapower.com/schemas/management">
<mAdminState>enabled</mAdminState>
<DefStylesheetForSoap>store:///filter-reject-all.xsl</DefStylesheetForSoap>
<DefStylesheetForXsl>store:///identity.xsl</DefStylesheetForXsl>
<DefXQueryForJSON>store:///reject-all-json.xq</DefXQueryForJSON>
<PolicyMaps>
<Match class="Matching">ALM_Location_Match</Match>
<Rule class="StylePolicyRule">ALM_Location_Processing_Policy_request_rule</Rule></PolicyMaps>
<PolicyMaps>
<Match class="Matching">ALM_All</Match>
<Rule class="StylePolicyRule">ALM_Location_Processing_Policy_error_rule</Rule></PolicyMaps></StylePolicy><PolicyAttachments name="ALM_Location" xmlns:env="http://www.w3.org/2003/05/soap-envelope" xmlns:dp="http://www.datapower.com/schemas/management">
<mAdminState>enabled</mAdminState>
<EnforcementMode>enforce</EnforcementMode>
<PolicyReferences>on</PolicyReferences>
<SLAEnforcementMode>allow-if-no-sla</SLAEnforcementMode></PolicyAttachments><MultiProtocolGateway name="ALM_Location" xmlns:env="http://www.w3.org/2003/05/soap-envelope" xmlns:dp="http://www.datapower.com/schemas/management">
<mAdminState>enabled</mAdminState>
<Priority>normal</Priority>
<FrontProtocol class="MQSourceProtocolHandler">ALM_Location_MQ_Handler</FrontProtocol>
<FrontProtocol class="MQSourceProtocolHandler">ALM_Location_MQ_ALT_Handler</FrontProtocol>
<XMLManager class="XMLManager">ALM_Location_XML_Mgr</XMLManager>
<SSLClientConfigType>proxy</SSLClientConfigType>
<StylesheetParameters>
<ParameterName>ALM_Location_SeqConfUrl</ParameterName>
<ParameterValue>dpmq://ALM_Gateway_sequence_Qmgr/?RequestQueue=SEQ.REQUEST</ParameterValue></StylesheetParameters>
<StylesheetParameters>
<ParameterName>IPMPClass</ParameterName>
<ParameterValue>RTM</ParameterValue></StylesheetParameters>
<StylesheetParameters>
<ParameterName>ReportingAuthority</ParameterName>
<ParameterValue>DTE Energy - Fermi 2</ParameterValue></StylesheetParameters>
<StylesheetParameters>
<ParameterName>apitoken</ParameterName>
<ParameterValue>RXh0ZXJuYWxJbnRlcmZhY2VXb3JrT3JkZXI6RFQzIW50M3JmQGMzV08=</ParameterValue></StylesheetParameters>
<StylesheetParameters>
<ParameterName>devUrl</ParameterName>
<ParameterValue>https://rest-config.devonway.com/RESTConnect/rest/v2/subscribers/HVIPK14696/modules/DTE-PIS</ParameterValue></StylesheetParameters>
<StylesheetParameters>
<ParameterName>key</ParameterName>
<ParameterValue>HVIPK14696</ParameterValue></StylesheetParameters>
<DefaultParamNamespace>http://www.datapower.com/param/config</DefaultParamNamespace>
<QueryParamNamespace>http://www.datapower.com/param/query</QueryParamNamespace>
<PropagateURI>on</PropagateURI>
<MonitorProcessingPolicy>terminate-at-first-throttle</MonitorProcessingPolicy>
<RequestAttachments>strip</RequestAttachments>
<ResponseAttachments>strip</ResponseAttachments>
<RequestAttachmentsFlowControl>off</RequestAttachmentsFlowControl>
<ResponseAttachmentsFlowControl>off</ResponseAttachmentsFlowControl>
<RootPartNotFirstAction>process-in-order</RootPartNotFirstAction>
<FrontAttachmentFormat>dynamic</FrontAttachmentFormat>
<BackAttachmentFormat>dynamic</BackAttachmentFormat>
<MIMEFrontHeaders>on</MIMEFrontHeaders>
<MIMEBackHeaders>on</MIMEBackHeaders>
<StreamOutputToBack>buffer-until-verification</StreamOutputToBack>
<StreamOutputToFront>buffer-until-verification</StreamOutputToFront>
<MaxMessageSize>0</MaxMessageSize>
<GatewayParserLimits>off</GatewayParserLimits>
<ParserLimitsElementDepth>512</ParserLimitsElementDepth>
<ParserLimitsAttributeCount>128</ParserLimitsAttributeCount>
<ParserLimitsMaxNodeSize>33554432</ParserLimitsMaxNodeSize>
<ParserLimitsForbidExternalReferences>on</ParserLimitsForbidExternalReferences>
<ParserLimitsExternalReferences>forbid</ParserLimitsExternalReferences>
<ParserLimitsMaxPrefixes>1024</ParserLimitsMaxPrefixes>
<ParserLimitsMaxNamespaces>1024</ParserLimitsMaxNamespaces>
<ParserLimitsMaxLocalNames>60000</ParserLimitsMaxLocalNames>
<ParserLimitsAttachmentByteCount>2000000000</ParserLimitsAttachmentByteCount>
<ParserLimitsAttachmentPackageByteCount>0</ParserLimitsAttachmentPackageByteCount>
<DebugMode persisted="false">unbounded</DebugMode>
<DebuggerType>internal</DebuggerType>
<DebugHistory>25</DebugHistory>
<FlowControl>off</FlowControl>
<SOAPSchemaURL>store:///schemas/soap-envelope.xsd</SOAPSchemaURL>
<FrontTimeout>120</FrontTimeout>
<BackTimeout>120</BackTimeout>
<FrontPersistentTimeout>180</FrontPersistentTimeout>
<BackPersistentTimeout>180</BackPersistentTimeout>
<IncludeResponseTypeEncoding>off</IncludeResponseTypeEncoding>
<PersistentConnections>on</PersistentConnections>
<LoopDetection>off</LoopDetection>
<DoHostRewriting>on</DoHostRewriting>
<DoChunkedUpload>off</DoChunkedUpload>
<ProcessHTTPErrors>on</ProcessHTTPErrors>
<HTTPClientIPLabel>X-Client-IP</HTTPClientIPLabel>
<HTTPLogCorIDLabel>X-Global-Transaction-ID</HTTPLogCorIDLabel>
<InOrderMode>
<Request>off</Request>
<Backend>off</Backend>
<Response>off</Response></InOrderMode>
<WSAMode>sync2sync</WSAMode>
<WSARequireAAA>on</WSARequireAAA>
<WSAStrip>on</WSAStrip>
<WSADefaultReplyTo>http://schemas.xmlsoap.org/ws/2004/08/addressing/role/anonymous</WSADefaultReplyTo>
<WSADefaultFaultTo>http://schemas.xmlsoap.org/ws/2004/08/addressing/role/anonymous</WSADefaultFaultTo>
<WSAForce>off</WSAForce>
<WSAGenStyle>sync</WSAGenStyle>
<WSAHTTPAsyncResponseCode>204</WSAHTTPAsyncResponseCode>
<WSATimeout>120</WSATimeout>
<WSRMEnabled>off</WSRMEnabled>
<WSRMSequenceExpiration>3600</WSRMSequenceExpiration>
<WSRMDestinationAcceptCreateSequence>on</WSRMDestinationAcceptCreateSequence>
<WSRMDestinationMaximumSequences>400</WSRMDestinationMaximumSequences>
<WSRMDestinationInOrder>off</WSRMDestinationInOrder>
<WSRMDestinationMaximumInOrderQueueLength>10</WSRMDestinationMaximumInOrderQueueLength>
<WSRMDestinationAcceptOffers>off</WSRMDestinationAcceptOffers>
<WSRMFrontForce>off</WSRMFrontForce>
<WSRMBackForce>off</WSRMBackForce>
<WSRMBackCreateSequence>off</WSRMBackCreateSequence>
<WSRMFrontCreateSequence>off</WSRMFrontCreateSequence>
<WSRMSourceMakeOffer>off</WSRMSourceMakeOffer>
<WSRMUsesSequenceSSL>off</WSRMUsesSequenceSSL>
<WSRMSourceMaximumSequences>400</WSRMSourceMaximumSequences>
<WSRMSourceRetransmissionInterval>10</WSRMSourceRetransmissionInterval>
<WSRMSourceExponentialBackoff>on</WSRMSourceExponentialBackoff>
<WSRMSourceMaximumRetransmissions>4</WSRMSourceMaximumRetransmissions>
<WSRMSourceMaximumQueueLength>30</WSRMSourceMaximumQueueLength>
<WSRMSourceRequestAckCount>1</WSRMSourceRequestAckCount>
<WSRMSourceInactivityClose>360</WSRMSourceInactivityClose>
<ForcePolicyExec>off</ForcePolicyExec>
<RewriteErrors>on</RewriteErrors>
<DelayErrors>on</DelayErrors>
<DelayErrorsDuration>1000</DelayErrorsDuration>
<BackHTTPVersion>HTTP/1.1</BackHTTPVersion>
<HTTP2Required>off</HTTP2Required>
<RequestType>json</RequestType>
<ResponseType>json</ResponseType>
<FollowRedirects>on</FollowRedirects>
<RewriteLocationHeader>off</RewriteLocationHeader>
<StylePolicy class="StylePolicy">ALM_Location_Processing_Policy</StylePolicy>
<Type>dynamic-backend</Type>
<AllowCompression>off</AllowCompression>
<EnableCompressedPayloadPassthrough>off</EnableCompressedPayloadPassthrough>
<AllowCacheControlHeader>off</AllowCacheControlHeader>
<PolicyAttachments class="PolicyAttachments">ALM_Location</PolicyAttachments>
<WSMAgentMonitor>off</WSMAgentMonitor>
<WSMAgentMonitorPCM>all-messages</WSMAgentMonitorPCM>
<ProxyHTTPResponse>off</ProxyHTTPResponse>
<TransactionTimeout>0</TransactionTimeout></MultiProtocolGateway><CryptoValCred name="ALM_CryptoValCred" xmlns:env="http://www.w3.org/2003/05/soap-envelope" xmlns:dp="http://www.datapower.com/schemas/management">
<mAdminState>enabled</mAdminState>
<Certificate class="CryptoCertificate">AAACertificateServices_crypto_cert</Certificate>
<Certificate class="CryptoCertificate">SectigoRSAOrganizationValidationSecureServerCA_crypto_cert</Certificate>
<Certificate class="CryptoCertificate">USERTrustRSACertificationAuthority_crypto_cert</Certificate>
<CertValidationMode>legacy</CertValidationMode>
<UseCRL>on</UseCRL>
<RequireCRL>off</RequireCRL>
<CRLDPHandling>ignore</CRLDPHandling>
<InitialPolicySet>2.5.29.32.0</InitialPolicySet>
<ExplicitPolicy>off</ExplicitPolicy>
<CheckDates>on</CheckDates></CryptoValCred><SSLClientProfile name="ALM_ClientProfile" xmlns:env="http://www.w3.org/2003/05/soap-envelope" xmlns:dp="http://www.datapower.com/schemas/management">
<mAdminState>enabled</mAdminState>
<Protocols>
<SSLv3>off</SSLv3>
<TLSv1d0>off</TLSv1d0>
<TLSv1d1>off</TLSv1d1>
<TLSv1d2>on</TLSv1d2>
<TLSv1d3>off</TLSv1d3></Protocols>
<Ciphers>ECDHE_ECDSA_WITH_AES_256_GCM_SHA384</Ciphers>
<Ciphers>ECDHE_RSA_WITH_AES_256_GCM_SHA384</Ciphers>
<Ciphers>ECDHE_ECDSA_WITH_AES_256_CBC_SHA384</Ciphers>
<Ciphers>ECDHE_RSA_WITH_AES_256_CBC_SHA384</Ciphers>
<Ciphers>ECDHE_ECDSA_WITH_AES_256_CBC_SHA</Ciphers>
<Ciphers>ECDHE_RSA_WITH_AES_256_CBC_SHA</Ciphers>
<Ciphers>DHE_DSS_WITH_AES_256_GCM_SHA384</Ciphers>
<Ciphers>DHE_RSA_WITH_AES_256_GCM_SHA384</Ciphers>
<Ciphers>DHE_RSA_WITH_AES_256_CBC_SHA256</Ciphers>
<Ciphers>DHE_DSS_WITH_AES_256_CBC_SHA256</Ciphers>
<Ciphers>DHE_RSA_WITH_AES_256_CBC_SHA</Ciphers>
<Ciphers>DHE_DSS_WITH_AES_256_CBC_SHA</Ciphers>
<Ciphers>RSA_WITH_AES_256_GCM_SHA384</Ciphers>
<Ciphers>RSA_WITH_AES_256_CBC_SHA256</Ciphers>
<Ciphers>RSA_WITH_AES_256_CBC_SHA</Ciphers>
<Ciphers>ECDHE_ECDSA_WITH_AES_128_GCM_SHA256</Ciphers>
<Ciphers>ECDHE_RSA_WITH_AES_128_GCM_SHA256</Ciphers>
<Ciphers>ECDHE_ECDSA_WITH_AES_128_CBC_SHA256</Ciphers>
<Ciphers>ECDHE_RSA_WITH_AES_128_CBC_SHA256</Ciphers>
<Ciphers>ECDHE_ECDSA_WITH_AES_128_CBC_SHA</Ciphers>
<Ciphers>ECDHE_RSA_WITH_AES_128_CBC_SHA</Ciphers>
<Ciphers>DHE_DSS_WITH_AES_128_GCM_SHA256</Ciphers>
<Ciphers>DHE_RSA_WITH_AES_128_GCM_SHA256</Ciphers>
<Ciphers>DHE_RSA_WITH_AES_128_CBC_SHA256</Ciphers>
<Ciphers>DHE_DSS_WITH_AES_128_CBC_SHA256</Ciphers>
<Ciphers>DHE_RSA_WITH_AES_128_CBC_SHA</Ciphers>
<Ciphers>DHE_DSS_WITH_AES_128_CBC_SHA</Ciphers>
<Ciphers>RSA_WITH_AES_128_GCM_SHA256</Ciphers>
<Ciphers>RSA_WITH_AES_128_CBC_SHA256</Ciphers>
<Ciphers>RSA_WITH_AES_128_CBC_SHA</Ciphers>
<Ciphers>ECDHE_ECDSA_WITH_3DES_EDE_CBC_SHA</Ciphers>
<Ciphers>ECDHE_RSA_WITH_3DES_EDE_CBC_SHA</Ciphers>
<Ciphers>DHE_RSA_WITH_3DES_EDE_CBC_SHA</Ciphers>
<Ciphers>DHE_DSS_WITH_3DES_EDE_CBC_SHA</Ciphers>
<Ciphers>RSA_WITH_3DES_EDE_CBC_SHA</Ciphers>
<ValidateServerCert>on</ValidateServerCert>
<Valcred class="CryptoValCred">ALM_CryptoValCred</Valcred>
<Caching>on</Caching>
<CacheTimeout>300</CacheTimeout>
<CacheSize>100</CacheSize>
<SSLClientFeatures>
<use-sni>on</use-sni>
<permit-insecure-servers>off</permit-insecure-servers>
<compression>off</compression></SSLClientFeatures>
<EllipticCurves>secp521r1</EllipticCurves>
<EllipticCurves>secp384r1</EllipticCurves>
<EllipticCurves>secp256k1</EllipticCurves>
<EllipticCurves>secp256r1</EllipticCurves>
<UseCustomSNIHostname>no</UseCustomSNIHostname>
<ValidateHostname>off</ValidateHostname>
<HostnameValidationFlags>
<X509_CHECK_FLAG_ALWAYS_CHECK_SUBJECT>off</X509_CHECK_FLAG_ALWAYS_CHECK_SUBJECT>
<X509_CHECK_FLAG_NO_WILDCARDS>off</X509_CHECK_FLAG_NO_WILDCARDS>
<X509_CHECK_FLAG_NO_PARTIAL_WILDCARDS>off</X509_CHECK_FLAG_NO_PARTIAL_WILDCARDS>
<X509_CHECK_FLAG_MULTI_LABEL_WILDCARDS>off</X509_CHECK_FLAG_MULTI_LABEL_WILDCARDS>
<X509_CHECK_FLAG_SINGLE_LABEL_SUBDOMAINS>off</X509_CHECK_FLAG_SINGLE_LABEL_SUBDOMAINS></HostnameValidationFlags>
<HostnameValidationFailOnError>off</HostnameValidationFailOnError>
<EnableTLS13Compat>on</EnableTLS13Compat>
<SigAlgs>ecdsa_secp256r1_sha256</SigAlgs>
<SigAlgs>ecdsa_secp384r1_sha384</SigAlgs>
<SigAlgs>ecdsa_secp521r1_sha512</SigAlgs>
<SigAlgs>ed25519</SigAlgs>
<SigAlgs>ed448</SigAlgs>
<SigAlgs>rsa_pss_pss_sha256</SigAlgs>
<SigAlgs>rsa_pss_pss_sha384</SigAlgs>
<SigAlgs>rsa_pss_pss_sha512</SigAlgs>
<SigAlgs>rsa_pss_rsae_sha256</SigAlgs>
<SigAlgs>rsa_pss_rsae_sha384</SigAlgs>
<SigAlgs>rsa_pss_rsae_sha512</SigAlgs>
<SigAlgs>rsa_pkcs1_sha256</SigAlgs>
<SigAlgs>rsa_pkcs1_sha384</SigAlgs>
<SigAlgs>rsa_pkcs1_sha512</SigAlgs>
<SigAlgs>ecdsa_sha224</SigAlgs>
<SigAlgs>ecdsa_sha1</SigAlgs>
<SigAlgs>rsa_pkcs1_sha224</SigAlgs>
<SigAlgs>rsa_pkcs1_sha1</SigAlgs>
<SigAlgs>dsa_sha224</SigAlgs>
<SigAlgs>dsa_sha1</SigAlgs>
<SigAlgs>dsa_sha256</SigAlgs>
<SigAlgs>dsa_sha384</SigAlgs>
<SigAlgs>dsa_sha512</SigAlgs></SSLClientProfile></configuration><files><file name="sharedcert:///esbst.p12" src="sharedcert/esbst.p12" location="sharedcert" key="true"/><file name="sharedcert:///esbst.serv.dteco.com.cer" src="sharedcert/esbst.serv.dteco.com.cer" location="sharedcert" key="true"/><file name="pubcert:///SectigoRSAOrganizationValidationSecureServerCA.cer" src="pubcert/SectigoRSAOrganizationValidationSecureServerCA.cer" location="pubcert" hash="xnNok4Pylz/Z+s4bGXgm44en2ao="/><file name="pubcert:///AAACertificateServices.cer" src="pubcert/AAACertificateServices.cer" location="pubcert" hash="sKnpNU0d6bSImINWsCsa//WGMG0="/><file name="pubcert:///USERTrustRSACertificationAuthority.cer" src="pubcert/USERTrustRSACertificationAuthority.cer" location="pubcert" hash="mOC1mrgLTwUlq8IKsZrUcomqpyQ="/><file name="local:///ALM_Devonway/ALM_gateway/Location/ALM_gateway_deflate.xsl" src="local/ALM_Devonway/ALM_gateway/Location/ALM_gateway_deflate.xsl" location="local" hash="0xxIMLpNv8Rzm0xN8qWldMZZ4N0="/><file name="local:///ALM_Devonway/ALM_gateway/Location/ALM_gateway_SeqRequest.js" src="local/ALM_Devonway/ALM_gateway/Location/ALM_gateway_SeqRequest.js" location="local" hash="psZSK2OSXEfr8AvgxpooVV5VpyQ="/><file name="local:///ALM_Devonway/ALM_location/ALM_location_inflate.xsl" src="local/ALM_Devonway/ALM_location/ALM_location_inflate.xsl" location="local" hash="XnsCVtjGRUSCXttarAmvbTldOms="/><file name="store:///jsonx2json.xsl" src="store/jsonx2json.xsl" location="store" hash="w7UTEZMzgk1sM52XTQ7s+YkxRbk="/><file name="local:///ALM_Devonway/ALM_location/ALM_location_Devonway.xsl" src="local/ALM_Devonway/ALM_location/ALM_location_Devonway.xsl" location="local" hash="0DkYHugIhbpftMl8z+mFpEXBzs8="/><file name="local:///ALM_Devonway/ALM_location/ALM_location_Devonway.js" src="local/ALM_Devonway/ALM_location/ALM_location_Devonway.js" location="local" hash="6UmnsH0oQ4Yc6hlyxJZiNcH8ttE="/><file name="local:///ALM_Devonway/ALM_location/ALM_location_sequenceReply.js" src="local/ALM_Devonway/ALM_location/ALM_location_sequenceReply.js" location="local" hash="VEHgythYxYNl763z7ubm+unCWng="/><file name="webgui:///clixform.xsl" src="dp-aux/clixform.xsl" location="dp-aux" internal="true" hash="mpDiRN8WNU7qH3vRBJZbKrqiDVI="/><file name="webgui:///SchemaUtil.xsl" src="dp-aux/SchemaUtil.xsl" location="dp-aux" internal="true" hash="lDu5pgpeu28YNaWBHTh+kiURBQs="/><file name="webgui:///management.xsl" src="dp-aux/management.xsl" location="dp-aux" internal="true" hash="pi0c46mGrlbqTpsWjG3QUxFOCYU="/><file name="webgui:///map-dmz.xsl" src="dp-aux/map-dmz.xsl" location="dp-aux" internal="true" hash="EHuv+ZqZ0r6TD3d5XtbUM0nBbTM="/><file name="webgui:///drMgmt.xml" src="dp-aux/drMgmt.xml" location="dp-aux" internal="true" hash="yYeMOPtJqrg7KsuJzw0EiNNB5aA="/><file name="webgui:///basetypes.xml" src="dp-aux/basetypes.xml" location="dp-aux" internal="true" hash="HrLsg2FhC6fPlGYI25NijeP828E="/></files></datapower-configuration>